{"cameraMode":{"drawMode":0,"name":"Shaded","section":"Shading Mode"},"sceneLighting":true,"audioPlay":false,"sceneViewState":{"showFog":true,"showMaterialUpdate":false,"showSkybox":true,"showFlares":true,"showImageEffects":true,"showParticleSystems":true},"in2DMode":false,"pivot":{"x":-8.5855712890625,"y":-41.177696228027347,"z":-131.13192749023438},"rotation":{"x":-0.039644818753004077,"y":-0.8536413908004761,"z":0.06570052355527878,"w":-0.5152144432067871},"size":384.2856750488281,"orthographic":false}