{"cameraMode":{"drawMode":0,"name":"Shaded","section":"Shading Mode"},"sceneLighting":true,"audioPlay":false,"sceneViewState":{"showFog":true,"showMaterialUpdate":false,"showSkybox":true,"showFlares":true,"showImageEffects":true,"showParticleSystems":true},"in2DMode":false,"pivot":{"x":-150.72213745117188,"y":-23.006858825683595,"z":-524.6406860351563},"rotation":{"x":-0.02096319943666458,"y":0.9747382998466492,"z":-0.10300859063863754,"w":-0.1973218321800232},"size":582.058349609375,"orthographic":false}